Series Name,"Country Name","1990","2000","2007","2008","2009","2010","2011","2012","2013","2014","2015","2016"
GDP per capita (current US$),"Afghanistan","","","380.400955186598","384.131681276838","458.955781585831","569.940728793286","622.379654358451","690.842629014956","653.347488111011","633.947864294639","594.323081219966",""
GDP per capita (current US$),"Albania","639.463899289892","1175.78898073398","3603.01368536638","4370.53964653148","4114.13654490945","4094.35883191918","4437.8119990258","4247.83985201907","4412.34557813421","4568.56882650826","3945.21758150914",""
GDP per capita (current US$),"Algeria","2394.42060842261","1757.01197444151","3939.55993939808","4912.25194081995","3875.82209542426","4473.48644568115","5447.40397556569","5583.61615950131","5491.6144135648","5484.0668056148","4206.03123244958",""
GDP per capita (current US$),"American Samoa","","","","","","","","","","","",""
GDP per capita (current US$),"Andorra","18877.8133198897","21432.976460892","47255.9552101728","46734.2682819437","42704.0194268188","39641.746008498","41627.4629979063","39666.043036198","42804.2026352761","","",""
GDP per capita (current US$),"Angola","901.650074637241","606.272292244341","3151.02243105289","4242.36306234092","3678.94765447179","3886.47935432524","4744.98762949589","5086.8484258086","5327.14889219232","5232.76230029543","4101.47215182964",""
GDP per capita (current US$),"Antigua and Barbuda","6325.24101654719","10094.7590646488","15276.0682646698","15786.1728395062","13979.2626925883","13017.3103875487","12817.8415733094","13525.616220134","13342.0849977054","13432.0792079208","13714.7319616988",""
GDP per capita (current US$),"Argentina","4318.77456784047","7669.27370858434","7226.27029452745","8992.58961919674","8198.56611136286","10332.0323662966","12800.2018563295","13040.306395228","13027.2048221392","12324.9387857728","13431.8783398577",""
GDP per capita (current US$),"Armenia","636.680689996499","621.424826318947","3080.97095943572","3919.97547381061","2915.5839059087","3124.78401786195","3417.17183599915","3565.5175749254","3716.82892254464","3861.91557044458","3489.12768956995",""
GDP per capita (current US$),"Aruba","","20619.5658496388","25921.5382341406","27549.8894224976","24640.4212441218","24289.1415161326","25353.7875446441","","","","",""
GDP per capita (current US$),"Australia","18221.6912110476","21665.1154539573","40957.8304392487","49628.1151270179","42715.1322619629","51845.6548605562","62216.5471294133","67646.1038529626","67652.6832146189","61995.8296976","56310.9629933721",""
GDP per capita (current US$),"Austria","21628.760231013","24517.2674460147","46586.6502529235","51386.3766511975","47654.1872090808","46659.8408181344","51123.5613291663","48333.572726737","50504.7153221994","51322.6399728758","43774.985173612",""
GDP per capita (current US$),"Azerbaijan","1237.324491677","655.097432602586","3851.43786871172","5574.60380218613","4950.29479142375","5842.80578358576","7189.69122920765","7393.77187697623","7811.6214184582","7886.45914367274","5496.34464026248",""
GDP per capita (current US$),"Bahamas, The","12350.8804781187","21241.1653927108","24306.1424243044","23657.365306222","22043.0125711709","21920.5165867583","21514.8986531628","22554.5157201628","22554.4541222366","22497.4497068298","22817.2308572518",""
GDP per capita (current US$),"Bahrain","8528.75976731759","13590.5210501438","21167.6187062133","23043.0253174017","19166.7082382358","20386.0175551116","22033.9106201625","23057.7675759542","24113.5248437757","24514.9991306142","22600.2140981035",""
GDP per capita (current US$),"Bangladesh","298.144991987964","406.531740491075","543.082263122362","618.075883559283","683.614422272329","760.331935200195","838.547801702232","858.933362587621","954.396399715624","1086.80008676935","1211.70153057661",""
GDP per capita (current US$),"Barbados","7728.50791369814","11568.4959419239","16462.2471099718","16570.5593507827","16523.3829717259","15906.1893174632","15534.1733043761","15385.1163692956","15473.0980649523","15360.0618007811","15429.3404640853",""
GDP per capita (current US$),"Belarus","1704.74030406477","1273.0491239487","4735.95688918873","6376.17311491284","5176.04470138203","5818.8548592158","6305.77366247653","6721.83490773968","7722.12335060436","8025.30435552468","5740.45649479562",""
GDP per capita (current US$),"Belgium","20710.6443430806","23207.4059110078","44403.7668991523","48424.5755963147","44880.5730196227","44382.8189867028","47699.8447984423","44740.5832481477","46508.1187191213","47346.792823245","40324.0277657215",""
GDP per capita (current US$),"Belize","2202.32255587784","3364.46452254642","4324.93438917012","4473.41790859737","4263.80711218649","4348.01953874968","4522.86186187855","4674.29344667534","4723.5943547037","4884.36856220286","4878.72126724745",""
GDP per capita (current US$),"Benin","391.893429442774","369.700868089261","685.551675107742","794.870176064085","768.013476447657","732.953622726674","799.03555913143","811.216240825005","887.089966726358","915.926640778784","762.051205441965",""
GDP per capita (current US$),"Bermuda","26841.5197383946","56284.1686478094","90849.5869806436","93605.7481653976","88463.3128161375","88207.3275597322","85973.158416455","85458.455507886","85748.0654143782","","",""
GDP per capita (current US$),"Bhutan","559.821618551415","778.391266016094","1755.16170904287","1810.57617704401","1786.81067200588","2201.29307778936","2485.78705216849","2452.15158793741","2383.04472990264","2560.52213174131","2655.99889161858",""
GDP per capita (current US$),"Bolivia","709.948654147923","1007.00286888451","1389.62929501376","1736.92741046673","1776.86091188357","1981.16631274669","2377.70694037817","2645.29199871713","2948.03247234224","3124.08543446758","3076.79181060881",""
GDP per capita (current US$),"Bosnia and Herzegovina","","1451.66400183674","4107.99623197216","4974.66226666137","4586.20631315947","4475.08813004565","4860.78181134244","4494.64064038047","4748.04069226421","4852.31864873611","4249.3303131949",""
GDP per capita (current US$),"Botswana","2747.20843825723","3333.1795496534","5666.6378477926","5561.89824282253","5115.12146387069","6243.99883079196","7504.84847630844","6885.84359759929","6806.65893929029","7153.44785946834","6360.13822018837",""
GDP per capita (current US$),"Brazil","3071.62795314411","3728.50801001529","7246.87010479067","8706.81914190374","8474.88106576607","11121.4209541496","13039.1216499582","12157.3082176473","12071.7779871352","11728.7993875108","8538.5899749574",""
GDP per capita (current US$),"British Virgin Islands","","","","","","","","","","","",""
GDP per capita (current US$),"Brunei Darussalam","13701.8970422471","18154.8349324604","32707.7043073602","37798.3935034007","27726.481053695","34852.0239843014","46377.8811438445","46973.9379317158","43970.5319412044","41023.8898817215","30554.7296658073",""
GDP per capita (current US$),"Bulgaria","2366.52982128614","1609.2805861652","5932.89967659315","7296.12247858585","6955.98773253421","6843.26328885315","7813.80349946173","7378.02553944156","7674.86055914027","7853.33519086217","6993.47735975728",""
GDP per capita (current US$),"Burkina Faso","351.979362800102","226.475942346119","474.088540012772","567.73418665644","537.263428705537","575.011881752413","667.17341945712","673.06251119393","698.335034928403","696.856206759424","589.774414136617",""
GDP per capita (current US$),"Burundi","201.68765625488","128.635536499035","159.265471311463","182.687801252318","190.394203666589","214.230990840075","240.614483459126","244.19648623151","259.365208150184","286.002335872952","277.068309170914",""
GDP per capita (current US$),"Cabo Verde","899.298788188452","1229.04445630619","3145.65394064932","3698.31341188568","3517.38558157502","3393.92721243272","3766.11147327094","3497.68969701076","3648.93632129541","3661.16875840904","3080.17881445563",""
GDP per capita (current US$),"Cambodia","","299.562237635792","629.282877634499","742.942923336176","735.40752391652","782.692789877004","879.15124409234","946.476678710416","1024.60886982001","1094.57668777899","1158.6899035244",""
GDP per capita (current US$),"Cameroon","923.881224306216","583.094838239344","1070.95467461962","1191.70955436733","1164.71725437091","1147.2423467852","1258.92465066853","1222.19214220436","1331.20002144388","1407.40341322234","1217.26067048427",""
GDP per capita (current US$),"Canada","21371.2910981421","24124.169174631","44544.5268004039","46596.3359912609","40773.4543637445","47445.7619347846","52083.8262233942","52495.2884719937","52266.1756761394","50185.4814970346","43248.529909341",""
GDP per capita (current US$),"Cayman Islands","","","","","","","","","","","",""
GDP per capita (current US$),"Central African Republic","490.399517627518","245.434384929296","404.113181854386","463.82761863065","454.369316916856","446.800204552837","488.357342192885","472.818218057294","322.366593303683","354.451901072874","323.201674024141",""
GDP per capita (current US$),"Chad","291.809187353515","166.008015485376","801.401571238389","929.27955270189","803.914336605293","895.878034872605","988.443189312858","972.679413512305","985.095322000684","1024.66835402191","775.695090525313",""
GDP per capita (current US$),"Channel Islands","","43299.401141101","73568.2348279852","","","","","","","","",""
GDP per capita (current US$),"Chile","2401.52518142699","5229.17709770803","10513.540709255","10791.0201852467","10217.3140258368","12785.0518749447","14582.1705198618","15253.3308268909","15764.755453406","14566.1490549222","13416.2300390185",""
GDP per capita (current US$),"China","317.88519809917","959.372108105392","2695.36622271788","3471.24754726234","3838.43429215628","4560.5124871009","5633.79610636071","6337.8829926902","7077.7705938533","7683.50203795784","8027.68381013907",""
GDP per capita (current US$),"Colombia","1175.14933868728","2472.19776979595","4674.21171017719","5433.70641243197","5148.41134363939","6250.65449979147","7227.77082955644","7885.06129230214","8030.69086053799","7918.07890039352","6056.14771720405",""
GDP per capita (current US$),"Comoros","602.274778762999","372.189002181387","712.120009845376","786.179576877935","768.733745960804","759.263130863878","818.861305693477","778.105884365385","823.023002315021","841.205555826432","717.448849960912",""
GDP per capita (current US$),"Congo, Dem. Rep.","","397.264871002388","273.486479705116","310.731024398184","286.048180345085","311.247895988429","350.270654249723","390.706603504699","413.695798374815","437.814931177839","456.052740548027",""
GDP per capita (current US$),"Congo, Rep.","1172.75707168059","1035.58446246805","2259.26941316352","3094.10971959379","2428.260232581","2953.18500787675","3453.22122885647","3191.16429881094","3205.4577827894","3147.07152408764","1851.19991555492",""
GDP per capita (current US$),"Costa Rica","2391.30221802908","3808.35689797565","6120.62902136791","6911.13925636382","6809.39926439483","8199.42725744617","9186.57043344213","9985.31379681987","10547.2101640013","10544.7200314114","11260.0921598775",""
GDP per capita (current US$),"Cote d'Ivoire","887.385406791609","648.810764066209","1078.54150198701","1257.6755819286","1233.30485612418","1236.08519806872","1231.86783405173","1281.38286516731","1445.91058247017","1544.32133718797","1398.98995768413",""
GDP per capita (current US$),"Croatia","","4919.62806870834","13546.6987224454","15893.8605622792","14157.144161951","13509.1858157682","14542.1775991872","13235.9775701749","13574.9780420161","13480.6507536281","11535.8293558997",""
GDP per capita (current US$),"Cuba","2706.97548464772","2749.4634915646","5193.48428572986","5385.74072701207","5494.9253114112","5688.66673216525","6092.61390179952","6448.1556351432","6789.84959742592","","",""
GDP per capita (current US$),"Curacao","","","","","","","","","","","",""
GDP per capita (current US$),"Cyprus","9641.57527301293","14672.882058494","31386.6326506534","35390.7048833763","32105.8159000782","30818.4639574235","32233.8394246573","28951.1555598986","27907.9673626742","27340.8838161118","23242.8400685313",""
GDP per capita (current US$),"Czech Republic","3901.52524483216","5994.52827686543","18333.9459002641","22649.3793400813","19698.4920909142","19763.9637984737","21717.478393542","19729.8705111763","19916.0193873722","19744.5586092159","17548.3382129701",""
GDP per capita (current US$),"Denmark","26861.7995866878","30743.5591735847","58501.1383160235","64181.9946654657","57895.5012246202","57647.668762065","61304.0612046553","58125.3648186912","60361.7387715794","61330.9126252044","51989.2934712354",""
GDP per capita (current US$),"Djibouti","768.799990622813","762.883824303666","1060.81494028965","1234.01335566559","1279.25194790974","1358.46050004911","1472.01420497368","1586.78013328429","1682.94866486073","1812.42538582519","1945.12429310444",""
GDP per capita (current US$),"Dominica","2344.94448204126","4819.90003896174","5952.0566685762","6464.21728227854","6888.8560227246","6938.95214646406","7016.4478222936","6778.34404118843","7061.27558014233","7301.23586491345","7116.38639189547",""
GDP per capita (current US$),"Dominican Republic","984.691439573189","2802.41971450217","4647.31867151546","5011.05301748216","4952.68815137941","5451.0680613947","5759.0384543439","5968.82621798218","6026.98988861086","6268.63248273048","6468.4734915433",""
GDP per capita (current US$),"Ecuador","1491.40255736277","1451.2907755099","3590.7115134942","4274.94082062073","4255.55556311861","4657.30173745799","5223.37757490143","5702.16828789377","6074.18197147212","6432.29581291884","6205.06414529951",""
GDP per capita (current US$),"Egypt, Arab Rep.","764.760681131055","1461.01825941042","1681.31448106002","2061.61277225263","2349.28686465682","2668.03598826159","2816.66694347778","3226.13137881998","3264.45006267526","3365.70742057477","3614.74676616271",""
GDP per capita (current US$),"El Salvador","914.094639040289","2259.88826938682","3358.42125185462","3569.33539344715","3431.28006791812","3547.07098315322","3821.33858985521","3921.72039511659","3998.73949938617","4102.0638517964","4219.35032953932",""
GDP per capita (current US$),"Equatorial Guinea","297.112876854198","1970.25122893884","19633.1601457759","28780.5764836217","21251.0626004464","22366.2939001749","28404.4275152161","28937.2988403147","27528.6579867104","26144.9405009551","14439.5944478516",""
GDP per capita (current US$),"Eritrea","","199.813195113431","299.111451823154","306.665143919595","404.196309045471","451.426693297243","544.462431141676","","","","",""
GDP per capita (current US$),"Estonia","","4070.03190359432","16586.4079613909","18094.5473954875","14726.3139057181","14639.473302339","17453.7537611724","17421.887988526","19029.7792318907","19941.4526982953","17118.5042003236",""
GDP per capita (current US$),"Ethiopia","253.34796072532","124.050950453133","243.628845484383","325.794900659893","380.264841033255","341.85895616943","355.588991513187","469.792303889824","503.902606586893","573.565960346077","619.169406475891",""
GDP per capita (current US$),"Faroe Islands","","22850.4429638732","46878.115456099","49625.4786680383","46429.9206292594","47381.5227624969","50910.4340505074","48695.1711837983","54117.8444148388","","",""
GDP per capita (current US$),"Fiji","1834.99460934282","2076.01330767665","4079.22884156087","4178.32169073543","3369.85520485942","3651.9582906354","4351.91178054411","4543.8153581564","4758.89278216363","5042.37139569794","4960.51995438419",""
GDP per capita (current US$),"Finland","28380.548911275","24253.2504245786","48288.5490978186","53401.3148725198","47107.1557090705","46205.1660111855","50787.5649828531","47415.5598711351","49638.0771298139","49887.8969739642","42311.0362306446",""
GDP per capita (current US$),"France","21795.2378254833","22465.6418414637","41600.5839748157","45413.065712185","41631.1314123702","40705.7662299421","43807.4759032413","40838.024436834","42571.1979897409","42696.7788294314","36205.5681017036",""
GDP per capita (current US$),"French Polynesia","16036.7308807556","14530.2260236","","","","","","","","","",""
GDP per capita (current US$),"Gabon","6250.64321724727","4115.03678362345","8632.75695116356","10523.2702492172","8003.79074340784","9312.04946268888","11530.1472010731","10642.4322523013","10658.7727292505","10772.0617537637","8266.4456050624",""
GDP per capita (current US$),"Gambia, The","345.854678362889","637.1055214626","519.95470925231","608.646438831853","549.539506668519","562.568166142471","516.984254988416","504.989013819816","484.112687709867","440.370389176931","471.537195472347",""
GDP per capita (current US$),"Georgia","1614.6401223992","691.997710105302","2492.12877994527","3174.94900068643","2706.58851158173","2964.47704802208","3725.06322121592","4142.8691753655","4274.37687295064","4429.65007451491","3795.97330845042",""
GDP per capita (current US$),"Germany","22219.5725271486","23718.746699471","41814.8190965222","45699.1983232962","41732.707253158","41788.0447853084","45936.0812598523","44065.2489082767","45688.3930735697","47902.6528842516","41313.3139945434",""
GDP per capita (current US$),"Ghana","402.588881651019","264.702576168061","1099.02231257957","1234.07990011094","1095.50323245528","1323.09914056856","1587.19087274761","1641.82592182439","1827.10136779993","1441.63645311166","1369.70112227585",""
GDP per capita (current US$),"Gibraltar","","","","","","","","","","","",""
GDP per capita (current US$),"Greece","9600.18512965969","12042.9537310995","28827.3263555224","31997.2820108813","29710.9702950284","26919.3616367757","25914.6815458943","22242.681934771","21874.8195041667","21673.7810702225","18002.2305776688",""
GDP per capita (current US$),"Greenland","18326.9285151847","19004.0034517255","36070.919815783","40863.2573152497","41097.5563587729","40193.6660251226","44010.3332192995","41471.6558845075","42827.8082665792","43364.8828499176","",""
GDP per capita (current US$),"Grenada","2295.97626207725","5117.53956278656","7322.52617141648","7946.63850064393","7394.94631834849","7365.6666592364","7410.76107991498","7583.54647643206","7956.14184182861","8570.66339581455","9212.02035173484",""
GDP per capita (current US$),"Guam","","","","","","","","","","","",""
GDP per capita (current US$),"Guatemala","835.299007293683","1650.22564993557","2472.38869914794","2774.36918769393","2617.12898025994","2805.97393749085","3166.57705797671","3278.62634573132","3432.01745788059","3666.57983772965","3903.47885604613",""
GDP per capita (current US$),"Guinea","441.925743951787","340.41422898218","407.206572153301","433.074755234154","430.199953543689","430.0564738591","447.790989285501","487.345714209237","521.538905868244","539.615774988756","531.320595188714",""
GDP per capita (current US$),"Guinea-Bissau","230.979121072469","281.403660289496","455.435857770095","553.475099639631","517.166940415395","517.889175790384","660.586720401798","580.642936867096","584.28200324954","615.939682581074","572.988428543071",""
GDP per capita (current US$),"Guyana","550.59305007086","960.186760126421","2334.02104216431","2569.98850579426","2698.05899106455","2998.94127424089","3408.73190339614","3759.38354709702","3928.87894976629","4028.1639914829","4127.35101806198",""
GDP per capita (current US$),"Haiti","","462.480544240769","615.815373042012","674.749539514023","668.291290473392","662.279381247833","740.947363259866","766.872173943137","810.307325854316","831.59052167163","818.343297634549",""
GDP per capita (current US$),"Honduras","621.793924487581","1137.82451840664","1720.76626300962","1899.55013379384","1962.06760543431","2096.20294862728","2307.72100160966","2378.51956877565","2340.68486562128","2434.280046303","2528.89354988523",""
GDP per capita (current US$),"Hong Kong SAR, China","13485.5448929565","25756.6637783278","30594.0178410231","31515.6627713018","30697.340383517","32549.998231121","35142.4879344543","36707.7742282554","38352.5349238738","40215.4896458262","42327.8399570345",""
GDP per capita (current US$),"Hungary","","4623.40671159943","13842.6054926173","15669.2592867275","12967.1654278758","13025.7947978134","14048.8795825413","12834.3234884048","13613.6014689502","14117.9766762093","12363.5434596539",""
GDP per capita (current US$),"Iceland","25592.1471482748","31737.4706097498","68344.5601580173","55229.6107604237","40362.0415881687","41620.0674537296","45970.8936808937","44258.8427932005","47493.2490377262","52036.7318144531","50173.3399156473",""
GDP per capita (current US$),"India","375.152019314645","452.413584669676","1018.12883785964","991.515375831126","1090.36060384805","1345.7213825728","1461.3774794379","1447.45194692515","1456.20162816791","1576.81766887286","1598.25903421916",""
GDP per capita (current US$),"Indonesia","585.001017914384","780.092078086415","1860.62262569343","2167.85765032782","2262.72078612573","3125.21994505825","3647.62663567338","3700.52352495467","3631.67269360346","3499.58873476515","3346.48703949478",""
GDP per capita (current US$),"Iran, Islamic Rep.","2222.09454317939","1664.26126982562","4705.3882202843","5476.15842190967","5437.81879020416","6299.91873790671","7874.48479201376","7710.51331388451","6631.29827041489","5442.87477076039","",""
GDP per capita (current US$),"Iraq","10291.8602001561","","3125.58030239218","4512.98514433811","3725.67544092444","4487.36628937513","5828.7647485099","6614.58482115726","6879.69779013211","6484.5293366572","4943.76038832056",""
GDP per capita (current US$),"Ireland","14045.1867309734","26241.9184947821","61388.1738270495","61235.4006302281","51983.7881819968","48541.4776442369","52564.2554838933","49231.3616199885","52034.7682239848","55503.3272623334","61133.672427322",""
GDP per capita (current US$),"Isle of Man","","20358.6672866154","69414.1220714181","70433.648186422","60419.2719355532","64275.0124401678","71312.1594693156","74999.2076151016","78119.0598732396","85258.0761591","",""
GDP per capita (current US$),"Israel","11264.0187443084","21052.1043218558","25008.6037040998","29657.4420084852","27795.8767084275","30661.9900386465","33657.1572746314","32569.5968257028","36393.6693204984","37582.8462414114","35728.0934951515",""
GDP per capita (current US$),"Italy","20757.0887522917","20051.2426046363","37698.7857302579","40640.1846549619","36976.8451179565","35851.5080738451","38332.3003680405","34814.1243593936","35370.274411922","35365.1041218615","29957.8043154372",""
GDP per capita (current US$),"Jamaica","1921.43266417236","3448.44887358203","4816.59587049218","5119.34495299296","4489.8417299567","4902.67269174762","5348.63852893397","5466.57908251853","5259.0423420796","5108.3570381199","5232.02458271187",""
GDP per capita (current US$),"Japan","25123.6317862131","38532.0408752935","35275.2284312667","39339.2975731826","40855.1756354596","44507.6637099867","48173.9344592983","48629.1996899952","40488.2432036925","38139.4223595003","34523.7007742331",""
GDP per capita (current US$),"Jordan","1238.66670679404","1774.08839318526","2970.88905626968","3655.85812437261","3800.67592931178","4054.27066775675","4266.07702155425","4423.11735483368","4656.21980691606","4830.97691525943","4940.04583574111",""
GDP per capita (current US$),"Kazakhstan","1647.46323090376","1229.00095844501","6771.41479681885","8513.56464506814","7165.27704969646","9070.64997199985","11634.4242158163","12387.1898225308","13890.8560077898","12806.5651078094","10509.9810699442",""
GDP per capita (current US$),"Kenya","365.617821222712","408.981868272125","857.925688654194","938.571762345224","942.74314646635","991.850545143199","1012.8797726673","1184.92325604363","1261.09286307733","1368.49113215797","1376.71282894881",""
GDP per capita (current US$),"Kiribati","549.77197770641","796.793763441361","1357.64630782493","1413.34541180275","1297.31094024666","1493.2186957035","1692.5162439204","1763.69969637654","1724.21875996177","1684.32129210314","1424.28087874779",""
GDP per capita (current US$),"Korea, Dem. People’s Rep.","","","","","","","","","","","",""
GDP per capita (current US$),"Korea, Rep.","6642.45121752995","11947.5772472444","23101.5102258935","20474.8868492383","18338.7063660256","22151.2088921324","24155.8298493082","24453.9719124644","25997.8810547699","27989.3539925863","27221.5240509661",""
GDP per capita (current US$),"Kosovo","","1087.76240120887","2788.47946372413","3254.86067369521","3209.69410857047","3283.21193843172","3736.84099938332","3600.88700027693","3890.3006647896","4073.81911686883","3561.57473139852",""
GDP per capita (current US$),"Kuwait","8950.59809531704","19545.1934504188","45159.3414687272","54484.3005124528","36754.9458713815","37725.141206371","47551.3829674489","50903.9046037897","48463.1516704617","43332.4062504589","29300.5755750333",""
GDP per capita (current US$),"Kyrgyz Republic","608.945163053379","279.620523320888","721.768690838857","966.393627185372","871.224389337854","880.037775119109","1123.8831680627","1177.97473487848","1282.43716202467","1279.76978265986","1103.2153515202",""
GDP per capita (current US$),"Lao PDR","203.764751009607","324.019694710462","710.98033776805","900.499553549039","947.955525742507","1138.52608169241","1297.53687380826","1445.41620094919","1700.5253051612","1754.89619550379","1818.44137293236",""
GDP per capita (current US$),"Latvia","","3352.7312961928","14044.0158891923","16348.53120679","12219.3737898048","11329.8951237997","13798.2052012707","13799.2448781987","15033.1529496571","15710.1677090724","13648.5475564772",""
GDP per capita (current US$),"Lebanon","1050.11668581015","5334.88024357398","6015.80212880143","7015.60517786675","8403.10931605671","8763.79596416551","8728.56591181142","8773.93195644805","8388.97329301696","8148.6391668339","8047.64508557496",""
GDP per capita (current US$),"Lesotho","373.334843974016","478.010619501497","933.387851566022","951.164628033593","939.506966279697","1189.7761514595","1375.19645667039","1295.96009113451","1199.87410649317","1203.69589289216","1066.98562625017",""
GDP per capita (current US$),"Liberia","182.797186901564","182.942757319583","209.811610870851","231.443222058919","302.276070797368","326.604438111264","378.814062448677","414.185155441744","453.339457045359","457.858586520261","455.873934536237",""
GDP per capita (current US$),"Libya","6570.96019233095","7170.37923370663","11219.4329579437","14231.6008927012","10151.6458735245","11933.7792588018","5517.77956923157","","","","",""
GDP per capita (current US$),"Liechtenstein","49450.9041420191","74633.5287180723","129866.48886035","142253.378237295","125112.465676776","140102.72571645","157100.404452404","148297.392967427","172563.064088544","178713.227991851","",""
GDP per capita (current US$),"Lithuania","","3297.35470084107","12297.9153480396","14961.5681759187","11837.3910271086","11988.757967609","14367.2093249849","14342.5234770018","15692.0129149683","16489.7289835331","14147.0493792403",""
GDP per capita (current US$),"Luxembourg","34547.716405436","48317.6662590731","104841.443619716","112851.460090742","101221.810003471","103267.276511115","113239.56097199","105447.093240743","113726.638978771","116612.884151875","101449.968168042",""
GDP per capita (current US$),"Macao SAR, China","8312.16703768214","14127.5666726526","37200.1089835966","41235.0275951692","41187.7920414883","52604.3271347173","67150.2767545254","77145.0395041344","90746.10886213","96074.8369597196","78585.8770573122",""
GDP per capita (current US$),"Macedonia, FYR","2240.14033569736","1875.12713159241","4063.74593982078","4821.54057471268","4566.34133221136","4561.17754644919","5079.9620789636","4709.51162777738","5219.53568101849","5453.28127512774","4852.6578476699",""
GDP per capita (current US$),"Madagascar","266.892255568947","246.282634900529","379.067251975187","472.379100795325","417.178309192785","414.142787218657","456.329307134312","444.95849375108","462.460010535635","452.810394929053","401.836006029745",""
GDP per capita (current US$),"Malawi","199.892081156233","155.764358225033","328.297052186831","382.685389111998","432.362409233115","471.058753242702","524.309104923986","380.91851509136","335.523580703838","362.693068268546","371.985747810344",""
GDP per capita (current US$),"Malaysia","2417.43692557385","4004.55719127475","7240.68196667962","8486.59933273544","7312.00831363343","9069.03071650886","10427.7560500121","10834.6590783671","10971.4155835989","11305.9000976846","9768.32686011881",""
GDP per capita (current US$),"Maldives","986.646813007349","2182.99701148469","5002.86228510029","5828.62137430939","5970.16059027778","6330.79498041553","6497.55044274666","6541.07046499268","7112.33575009549","7716.20401546133","8395.78519750383",""
GDP per capita (current US$),"Mali","316.185842555488","267.416434746612","592.016922455052","685.547791304224","692.842678257748","704.064620886671","829.849231276721","772.249921673187","772.250109482823","819.621297242724","724.256283193304",""
GDP per capita (current US$),"Malta","7191.92360259617","11291.5842276835","19375.569601363","21928.7006740562","20675.5825862064","21087.7946931036","22957.4118568356","22081.6016294634","24056.6124464852","25125.0956185779","22596.1817742659",""
GDP per capita (current US$),"Marshall Islands","1659.11205073996","2126.83230766281","2893.42485540461","2927.96217402028","2917.20726717056","3142.42947588247","3286.47881382585","3513.96220940812","3618.23125271989","3461.64509609142","3385.96746295547",""
GDP per capita (current US$),"Mauritania","503.838713721786","477.112988064267","1008.55470523732","1180.54951407934","1045.79040852269","1207.82745750371","1402.66912860389","1385.00468177818","1457.836387254","1370.98521248511","",""
GDP per capita (current US$),"Mauritius","2506.17931226708","3861.03241429329","6574.65433811493","8030.06300537304","7318.12640972422","8000.37643182154","9197.02697152061","9291.22761861899","9637.00265000958","10153.9382184867","9252.11072429051",""
GDP per capita (current US$),"Mexico","3068.70231228294","6649.71638291076","9222.88399058214","9578.57056207038","7661.2084045474","8861.49371999101","9730.277761437","9720.56167412905","10198.6472993047","10353.4479828794","9005.02426497766",""
GDP per capita (current US$),"Micronesia, Fed. Sts.","1528.0646936085","2170.9606255236","2435.19984773506","2501.52768205835","2669.37505410683","2838.44854708113","2998.64219722448","3147.67958576452","3044.07720935614","3057.09123063319","3015.23166762397",""
GDP per capita (current US$),"Moldova","","354.003731878172","1230.43468472032","1695.97281114375","1525.52611882763","1631.53583179532","1970.57137253336","2046.53678665109","2243.979662444","2244.76376248334","1848.06180430428",""
GDP per capita (current US$),"Monaco","84289.5595438943","82537.4464694446","170472.284881312","193648.132212747","152877.365748281","145221.191568424","163351.646685562","","","","",""
GDP per capita (current US$),"Mongolia","1172.4430658221","474.212940486044","1633.38438156956","2138.37667934579","1717.07313677613","2650.34681979049","3772.93164675213","4377.23887010435","4400.61451460346","4201.73772175647","3967.82938559498",""
GDP per capita (current US$),"Montenegro","","1627.04289333871","5956.81956010285","7326.02540280837","6697.70724038887","6681.9271483604","7319.14940708479","6586.8038396423","7186.81359233543","7378.04227074613","6406.07085533633",""
GDP per capita (current US$),"Morocco","1199.1958249512","1328.1729629234","2510.98395921471","2905.95267964736","2883.85067741147","2857.6734140278","3066.50315775774","2931.40019953372","3141.72537279056","3186.60875960434","2878.20134215919",""
GDP per capita (current US$),"Mozambique","187.863817280026","274.656255626148","418.912986355428","499.887085818156","461.425218697859","417.501231533203","524.89145294127","564.812463094317","605.234444722447","623.197936625371","529.242556068943",""
GDP per capita (current US$),"Myanmar","","186.807325494388","398.085791130168","624.388601912722","718.442261094695","957.624744232148","1150.63507290121","1136.78636797958","1134.92844272888","1227.1372167517","1161.48815791087",""
GDP per capita (current US$),"Namibia","1981.26786958191","2059.40901467159","4195.93639333527","4011.30116888467","4123.93999729686","5143.13067579247","5539.61515966925","5679.88187476846","5417.80031358917","5349.44767556484","4673.56724769495",""
GDP per capita (current US$),"Nauru","","","2028.11826664327","3914.84228148051","4416.62342304534","4912.60085684766","7243.78942541119","10299.8258944006","10726.0787225847","11499.9942766461","9827.54428148233",""
GDP per capita (current US$),"Nepal","193.555799384787","231.432967570545","396.169772792449","476.556558235355","483.403411454738","595.427519830012","693.550370515055","698.409889741021","696.732683964092","703.182570716641","743.322965726435",""
GDP per capita (current US$),"Netherlands","21019.125671934","25921.1279408277","51241.3156170166","56928.8204756806","51900.3400948453","50341.251919716","53537.2751512189","49474.705606422","51574.489418462","52157.4068701887","44299.768085383",""
GDP per capita (current US$),"New Caledonia","14800.0286943521","12579.5951055864","","","","","","","","","",""
GDP per capita (current US$),"New Zealand","13663.201095115","13641.1027183822","32509.7347119416","31287.6136423777","28200.9419253104","33692.1695969513","38426.695330151","40066.5648004195","42928.0963291754","44380.426584212","37807.9672760442",""
GDP per capita (current US$),"Nicaragua","243.561319370585","1016.02155153669","1350.58722233935","1517.80361090627","1478.97138929928","1523.48146882139","1679.74820015716","1776.2092435787","1829.02498918094","1960.49090771313","2086.89500277099",""
GDP per capita (current US$),"Niger","313.537623244108","160.218342317408","295.393198719939","358.191405530453","344.375641110111","351.006218346786","378.200546574048","393.64342304494","417.670309304738","431.381682137856","358.958152040005",""
GDP per capita (current US$),"Nigeria","321.66837089409","377.500269346768","1131.14769462527","1376.85744878293","1091.96852722446","2314.96353665347","2514.14862151929","2739.85218903906","2979.84415000393","3203.24429573261","2640.2907388575",""
GDP per capita (current US$),"Northern Mariana Islands","","","","","","","","","","","",""
GDP per capita (current US$),"Norway","28242.943738533","38146.7153917477","85128.6575906714","96880.5096146393","80017.7768095085","87646.2700974708","100575.117263444","101563.702677597","102910.435039364","97005.4985619729","74400.3697770928",""
GDP per capita (current US$),"Oman","6448.13480144628","8710.98780508336","16225.6599871528","22963.3781637315","17518.8333143066","19920.6495686354","21164.3357574377","21631.8909559845","20204.9295362935","19129.8442238053","15550.6762514328",""
GDP per capita (current US$),"Pakistan","371.817700867082","534.915837003883","953.795685975298","1042.8017054166","1009.79931930279","1043.30020503812","1229.8488287602","1264.90090914213","1276.09244791855","1320.55354981784","1434.69666504969",""
GDP per capita (current US$),"Palau","5095.63258002518","7786.58600187754","9742.51913709116","9793.8399169427","9162.40660637043","8978.9936492428","9701.05794428807","10319.9074966275","10932.6449639084","11892.6861639096","13498.661406228",""
GDP per capita (current US$),"Panama","2603.78025539903","4062.43860267397","6095.28041838089","7008.98824956505","7471.34138581183","7987.06037222421","9335.69161719116","10672.3589547222","11786.633173101","12712.4313236227","13268.1137549335",""
GDP per capita (current US$),"Papua New Guinea","774.363991896877","655.250230188858","992.673749316293","1223.20297800238","1210.87172319867","1418.92359069215","1838.69919868665","2151.2102765496","2108.8316426359","2268.17253944302","",""
GDP per capita (current US$),"Paraguay","1351.5787788105","1545.62554809175","2312.19253822421","3059.98509921353","2599.592016272","3225.59175373637","3988.02456668519","3855.57218546178","4479.95505217335","4712.87020536405","4080.95144785437",""
GDP per capita (current US$),"Peru","1210.0059784398","1996.71999703695","3611.20485433364","4208.86801863615","4166.08534241687","5021.24937359289","5770.3277776756","6386.37444850699","6580.97905267293","6490.18118975687","6027.12585529551",""
GDP per capita (current US$),"Philippines","715.310677678566","1039.70179564153","1678.85198841212","1929.1328970269","1836.87412023077","2145.24000707339","2371.85353662821","2604.65599683702","2786.01470086133","2873.08818884252","2904.20208191528",""
GDP per capita (current US$),"Poland","1731.2095094382","4492.72760355938","11260.3185156411","14001.4468819804","11527.5932279825","12599.5248642681","13893.4117186252","13145.1048415824","13780.5491146258","14341.8599344653","12554.5475536313",""
GDP per capita (current US$),"Portugal","7885.39401919224","11502.3968126428","22780.0584505513","24815.6088356622","23063.9716141302","22539.9960076117","23194.7409567701","20577.4026375899","21618.7353389663","22124.3672201026","19222.1500764153",""
GDP per capita (current US$),"Puerto Rico","8652.50749222505","16192.129596219","23664.8823530538","24898.3388400438","25768.7360476525","26435.7330836866","27278.8452337977","27811.5557986588","28703.7323699256","","",""
GDP per capita (current US$),"Qatar","15447.5955302804","29926.3633512513","67612.4940409837","82990.0709631041","61463.9035819678","70870.2265835221","88050.8118217893","92692.6433122033","94574.2550534469","94944.0855935367","73653.3944346574",""
GDP per capita (current US$),"Romania","1680.70562287227","1668.16273119678","8214.18537810177","10136.4735592475","8220.10832899514","8297.48362072379","9200.27782470489","8558.3976056224","9585.26659264653","10020.2773322992","8972.92251840971",""
GDP per capita (current US$),"Russian Federation","3485.1122022467","1771.58660190996","9101.25308480437","11635.26037297","8562.80959842398","10674.987707365","14227.72143741","15042.1916377421","15552.0509880404","14051.599123979","9092.58053606884",""
GDP per capita (current US$),"Rwanda","351.277816856766","216.275903635211","398.208485880314","491.940416607734","529.59655617758","553.597457610684","606.902886399677","667.414582334439","678.998166944053","697.626501273706","697.34822808289",""
GDP per capita (current US$),"Samoa","772.211768982644","1540.65372952602","3130.35259752319","3375.82163966041","3165.70666060561","3530.57399435316","4065.9559198279","4257.30572854147","4179.59768103648","4172.21710037661","3938.54884570316",""
GDP per capita (current US$),"San Marino","","28224.2028597647","56489.5013763457","62993.3672242481","","","","","","","",""
GDP per capita (current US$),"Sao Tome and Principe","","","911.057012022076","1149.30877375103","1123.35838794324","1155.51295145414","1335.34992297059","1415.03191930492","1660.90319258363","1870.02102541527","1669.06326801326",""
GDP per capita (current US$),"Saudi Arabia","7137.39202373113","8808.87536666471","15947.4057864239","19436.8571597589","15655.0833675338","18753.9812332079","23256.0956126438","24883.1897146534","24646.0208730264","24406.4764554706","20481.7453220484",""
GDP per capita (current US$),"Senegal","760.778727112426","474.577124541493","948.506759183885","1093.71627463571","1015.10822051789","996.707488311076","1074.4943263295","1030.04451024131","1041.16717932597","1041.71746058997","899.579879484977",""
GDP per capita (current US$),"Serbia","","870.136525159338","5458.12171842169","6701.77391278013","5821.30539705684","5411.87740391911","6423.29178334583","5659.38020403691","6353.82638279332","6200.17322102474","5235.14220696525",""
GDP per capita (current US$),"Seychelles","5265.49655632082","7578.85105298845","12154.8299372808","11122.8620677142","9706.95605963959","10804.6844747547","12189.0951601357","12845.17363161","15695.8983393592","15563.7942183676","15476.01944443",""
GDP per capita (current US$),"Sierra Leone","165.253231780269","156.591866641699","400.380937064879","453.736365506084","440.92445968176","453.022040725798","497.984869801092","629.118623156969","796.319060686614","794.08708204712","653.131815940648",""
GDP per capita (current US$),"Singapore","11864.2802127196","23792.6070703118","39223.5818748702","39721.0481819946","38577.5582156126","46569.6795060716","53093.6701495192","54451.210333388","55617.6125035777","56007.288209027","52888.7446717529",""
GDP per capita (current US$),"Sint Maarten (Dutch part)","","","","","","","","","","","",""
GDP per capita (current US$),"Slovak Republic","2395.56458240433","5402.9297536132","16057.7331439028","18650.3591154107","16512.9819723317","16601.6019729568","18186.026208065","17274.6423040509","18191.612786163","18595.1511139028","16088.2775872723",""
GDP per capita (current US$),"Slovenia","","10227.7367703685","23841.3179190744","27501.8102703687","24633.7978523083","23438.8674661771","24983.6941994393","22486.4716702747","23150.3179893477","24020.6728561283","20726.5398863708",""
GDP per capita (current US$),"Solomon Islands","970.068933651301","1055.21674916824","1048.77148597216","1208.34679539901","1161.23481716678","1276.34872518313","1648.84528668587","1866.7079688233","1890.00090280273","2021.35921403919","1934.85629287353",""
GDP per capita (current US$),"Somalia","","","","","","","","","521.223039343867","536.911143630244","549.266976567576",""
GDP per capita (current US$),"South Africa","3182.23967025998","3099.13161369597","6161.21795267793","5817.27833874158","5916.25430101319","7392.86777422255","8077.96705005796","7570.08521138697","6910.66533833817","6498.58899959915","5723.97335690212",""
GDP per capita (current US$),"South Sudan","","","","1688.65404688853","1271.0317282658","1563.90419536662","1696.14566722172","944.282811578363","1157.48695804411","1115.09351496025","730.580100916022",""
GDP per capita (current US$),"Spain","13773.3656978541","14787.756063671","32709.4010383771","35578.736189717","32333.4661042498","30737.8322708385","31832.2380807085","28647.8352426892","29370.6638674201","29718.5002155441","25831.5823052954",""
GDP per capita (current US$),"Sri Lanka","470.344956859125","875.41217796712","1644.81637232162","2054.48919158962","2106.787092279","2819.65130924227","3221.15151931614","3350.68542319869","3611.34198719698","3852.74206641873","3926.17439589454",""
GDP per capita (current US$),"St. Kitts and Nevis","5112.0526153955","9223.75622299505","13355.9592089861","14462.6965642173","13983.972603034","13466.8278264511","14212.3469369214","13689.8912705809","14514.7214395479","15429.8592236675","15771.9455041308",""
GDP per capita (current US$),"St. Lucia","2874.45789978718","4975.47209839101","6761.99416535951","6872.47546627848","6740.73545565475","7000.6415825229","7143.22944749991","7180.13935213338","7229.92888393179","7548.19695406698","7735.91048440102",""
GDP per capita (current US$),"St. Martin (French part)","","","","","","","","","","","",""
GDP per capita (current US$),"St. Vincent and the Grenadines","2235.76871944916","3672.66930498531","6220.34708827802","6370.43788624423","6177.49742786583","6231.71322553846","6183.67682211986","6337.76995939727","6596.78897388704","6656.11571703379","6739.17483286945",""
GDP per capita (current US$),"Sudan","481.496660198035","352.501570733119","1081.15932057966","1248.35526906174","1183.20677488697","1421.53294242954","1596.44520955706","1806.45079658887","1871.10897910993","2087.70054355486","2414.72360102858",""
GDP per capita (current US$),"Suriname","951.072313826921","1855.77231027995","5862.05097455834","6973.09823925926","7561.45070078079","8430.90596506227","8448.50426083464","9422.27099435231","9618.35053127583","9680.11591367368","9485.31924429496",""
GDP per capita (current US$),"Swaziland","1292.06782225847","1602.93245985632","2962.88864657948","2808.7511020857","3046.62660411724","3793.65946441211","4090.85774239034","3952.65631676985","3686.87928264964","3539.91835063744","3200.14301756487",""
GDP per capita (current US$),"Sweden","30162.3157718195","29283.0050461572","53324.3793724756","55746.8423811175","46207.0592032962","52076.4305245885","59593.6847982389","57134.0770682404","60283.24522267","59180.1989776727","50579.6736486777",""
GDP per capita (current US$),"Switzerland","38332.1517205633","37813.234256795","63223.467775151","72119.5608730311","69672.0047147337","74277.1205125567","88002.6095703805","83164.3879543217","84658.8876757562","85814.5885735953","80945.0792194742",""
GDP per capita (current US$),"Syrian Arab Republic","988.522325150224","1181.71920185675","2079.98786380715","","","","","","","","",""
GDP per capita (current US$),"Tajikistan","","139.109143427528","523.945114558273","711.50881469895","671.545359698634","744.184227326495","841.216829219715","962.440817726802","1048.66690599689","1113.36635446715","925.91188767081",""
GDP per capita (current US$),"Tanzania","172.054215780241","308.40628159284","533.172396689392","657.728743357642","665.344002868127","708.521932325363","740.383900829825","827.52888076909","909.330141239446","957.934534330474","878.97510552608",""
GDP per capita (current US$),"Thailand","1508.28569401057","2016.04101466738","3962.7504988544","4384.78267515745","4231.14036778126","5111.90920222917","5539.49436810396","5915.22114668686","6225.05228315387","5969.94011583791","5814.76976382355",""
GDP per capita (current US$),"Timor-Leste","","434.379739962346","551.720598424389","673.374537904","788.845890799691","884.276107947326","1024.64137551857","1125.36750690626","1111.79939478115","1154.18853286055","1157.99295590816",""
GDP per capita (current US$),"Togo","430.011211003182","265.501659718722","428.401561823965","522.625007010443","508.54052572385","496.482494202806","572.025703222528","573.207476512184","588.987546078755","630.046061395906","559.635876661945",""
GDP per capita (current US$),"Tonga","1193.49904970367","2067.08504934046","2937.71160404057","3398.88391465359","3076.42905684207","3554.07545539972","4052.18731315284","4509.36233974216","4274.22682370733","4200.13204482265","4098.54392925825",""
GDP per capita (current US$),"Trinidad and Tobago","4147.62534536265","6430.96754914098","16530.1804420146","21188.118565877","14508.8137365799","16684.0085959244","19053.9421222077","19152.1814885574","19607.9491791503","19325.3855038908","17321.884675056",""
GDP per capita (current US$),"Tunisia","1507.23145563355","2247.91299467086","3805.15293730174","4342.82317730308","4162.5096689683","4176.59159013024","4291.87604315683","4179.46434367471","4248.89127558615","4328.90419734881","3872.51208364171",""
GDP per capita (current US$),"Turkey","2790.58048659139","4215.16241317218","9309.28917226811","10382.145324304","8624.17218646889","10111.1925071277","10538.7234931882","10539.3654471072","10800.5423536698","10303.6987055756","9125.68758972936",""
GDP per capita (current US$),"Turkmenistan","869.558244633889","645.277101469676","2606.74197588003","3918.93492678718","4059.96151102083","4479.01235418457","5724.53710231112","6797.72116602834","7480.32167773692","8199.00938322259","6672.47754417351",""
GDP per capita (current US$),"Turks and Caicos Islands","","","","","","","","","","","",""
GDP per capita (current US$),"Tuvalu","980.058611752915","1458.97197686514","2768.37095732057","3094.62809172302","2763.16030537848","3238.37576273905","3993.50025430234","4044.19378022487","3880.35232167543","3766.26806049536","3295.00582293413",""
GDP per capita (current US$),"Uganda","247.601674002817","260.684473703397","409.87032601315","459.109775900068","566.33425045145","608.954866048332","597.515903285596","664.005154577291","683.343153158018","734.744015300391","705.292569535068",""
GDP per capita (current US$),"Ukraine","","635.712846663659","3068.60899799696","3891.03782318207","2545.4803410735","2965.14236549771","3569.75702740477","3855.4212801318","4029.71550372131","3104.65829575449","2114.95471628444",""
GDP per capita (current US$),"United Arab Emirates","27989.3012966889","34207.5389498903","42913.7840342254","45720.0178979792","32905.0538494054","34341.9112921486","39901.2209155518","41712.3979484395","42986.6646116366","44238.5997740128","40438.7629344394",""
GDP per capita (current US$),"United Kingdom","19095.4669984608","27769.9312549996","49949.1548811539","46523.2654539202","38010.1004506576","38708.6762921633","41243.123274868","41538.3072616553","42407.3710146402","46412.1172713997","43875.9696143686",""
GDP per capita (current US$),"United States","23954.4793548671","36449.8551155349","48061.5376613353","48401.4273403899","47001.5553496818","48374.0867933094","49781.8006563523","51433.0470904727","52749.911239512","54539.6655752119","56115.7184261955",""
GDP per capita (current US$),"Uruguay","2989.94196205612","6871.90388470479","7009.67815983672","9062.29053539323","9415.15358273437","11938.2750545308","14166.5576672224","15092.4720593331","16881.3840005323","16737.973100697","15573.9009191818",""
GDP per capita (current US$),"Uzbekistan","651.419209686743","558.221143977787","830.407694204322","1082.28602501699","1213.26532816388","1377.08214046938","1564.96694510875","1740.4682979775","1907.55123335561","2036.69172343054","2132.07036847857",""
GDP per capita (current US$),"Vanuatu","1080.23025540755","1469.88886214487","2393.3346212201","2698.02124012432","2643.47578534313","2965.75223011673","3275.02398203673","3158.4209735273","3167.05530330465","3147.96377889252","2805.31464353567",""
GDP per capita (current US$),"Venezuela, RB","2367.74281232686","4784.87157982387","8325.20875544334","11224.6467026883","11534.8406001136","13581.3533771018","10754.5928790654","12771.5950361107","12265.03113567","","",""
GDP per capita (current US$),"Vietnam","98.0318690725069","433.333707823148","919.209265568078","1164.61252461712","1232.3696735953","1333.58352396677","1542.67043610149","1754.5479738641","1907.56438167972","2052.31908380089","2111.13802366815",""
GDP per capita (current US$),"Virgin Islands (U.S.)","15050.5471369622","","","","","","","","","","",""
GDP per capita (current US$),"West Bank and Gaza","","1476.17185168101","1575.56340166606","1855.45702045882","1963.20151865719","2338.71987682303","2663.53702212092","2787.16974059255","2992.20099455427","2960.77800144929","2866.80010005429",""
GDP per capita (current US$),"Yemen, Rep.","472.134868911038","541.512991485189","997.945380396705","1205.53752759716","1094.79945541411","1310.05367135994","1350.3816340536","1422.72377912034","1582.84925225743","1650.97459711297","1406.2916511457",""
GDP per capita (current US$),"Zambia","403.433636709804","340.161379709873","1103.48657711875","1365.72120522548","1134.77299782945","1456.12682574588","1635.58795373922","1724.76454828885","1839.51870940434","1726.99284405704","1304.87901447726",""
GDP per capita (current US$),"Zimbabwe","837.769055709467","535.197421500081","397.956872258099","327.199083662345","594.495968478092","674.268695411166","768.556409302399","850.827696604891","905.500321786172","931.19818468692","924.143819253412",""
,"","","","","","","","","","","","",""
,"","","","","","","","","","","","",""
,"","","","","","","","","","","","",""
Data from database: World Development Indicators,"","","","","","","","","","","","",""
Last Updated: 02/01/2017,"","","","","","","","","","","","",""
